[
    {
        "MobileId":1001,
        "MobileName":"iPhone",
        "MobilePrice":76661
    },
    {
        "MobileId":1002,
        "MobileName":"MicroMax",
        "MobilePrice":126661
    },
    {
        "MobileId":1003,
        "MobileName":"Coolpad",
        "MobilePrice":7823
    },
    {
        "MobileId":1004,
        "MobileName":"HTC",
        "MobilePrice":8876
    },
    {
        "MobileId":1005,
        "MobileName":"LG",
        "MobilePrice":46661
    }
    
    
]